{
  "sleep_hours": 6.616666666666666,
  "sleep_efficiency": 95.0,
  "sleep_rem_ratio": 0.9892460684551341,
  "sleep_deep_ratio": 0.9755555555555555,
  "sleep_wake_ratio": 0.9594594594594594,
  "resting_hr": 65.80230140686035,
  "rmssd": 34.75,
  "nremhr": 61.086,
  "spo2": 96.1,
  "stress_score": 76.0,
  "scl_avg": 7.1326628072,
  "temp_deviation": 0.051836757850004744,
  "steps": 7908.0,
  "calories": 2262.95,
  "active_minutes": 21.0,
  "sedentary_fraction": 0.5368055555555555,
  "is_weekend": 0.0,
  "sleep_hours_lag1": 6.583333333333333,
  "sleep_hours_lag3": 6.666666666666667,
  "sleep_hours_lag7": 6.658333333333333,
  "sleep_hours_roll3": 6.522222222222221,
  "sleep_hours_roll7": 6.531944444444442,
  "sleep_hours_delta1": -0.016666666666666607,
  "sleep_efficiency_lag1": 95.0,
  "sleep_efficiency_lag3": 95.0,
  "sleep_efficiency_lag7": 95.0,
  "sleep_efficiency_roll3": 95.0,
  "sleep_efficiency_roll7": 94.71428571428571,
  "sleep_efficiency_delta1": 0.0,
  "sleep_rem_ratio_lag1": 0.989889705882353,
  "sleep_rem_ratio_lag3": 1.0,
  "sleep_rem_ratio_lag7": 1.0,
  "sleep_rem_ratio_roll3": 1.0000000000000002,
  "sleep_rem_ratio_roll7": 0.9901163910109352,
  "sleep_rem_ratio_delta1": -0.0032964135021097407,
  "sleep_deep_ratio_lag1": 0.9811253561253562,
  "sleep_deep_ratio_lag3": 0.984250992063492,
  "sleep_deep_ratio_lag7": 1.0,
  "sleep_deep_ratio_roll3": 0.9896792431060337,
  "sleep_deep_ratio_roll7": 1.0004931295867954,
  "sleep_deep_ratio_delta1": -0.000874713521772319,
  "resting_hr_lag1": 65.82728290557861,
  "resting_hr_lag3": 66.12609577178955,
  "resting_hr_lag7": 66.56108045578003,
  "resting_hr_roll3": 65.89861901601155,
  "resting_hr_roll7": 66.14820521218437,
  "resting_hr_delta1": -0.0526275634765625,
  "rmssd_lag1": 34.511,
  "rmssd_lag3": 35.072,
  "rmssd_lag7": 35.129999999999995,
  "rmssd_roll3": 33.89950000000002,
  "rmssd_roll7": 33.84019047619047,
  "rmssd_delta1": 0.556499999999998,
  "stress_score_lag1": 76.0,
  "stress_score_lag3": 77.0,
  "stress_score_lag7": 77.0,
  "stress_score_roll3": 75.0,
  "stress_score_roll7": 72.07142857142857,
  "stress_score_delta1": 0.0,
  "temp_deviation_lag1": 0.06886165965558533,
  "temp_deviation_lag3": 0.058581293925612954,
  "temp_deviation_lag7": 0.06878759022856684,
  "temp_deviation_roll3": 0.03948014027172775,
  "temp_deviation_roll7": 0.02395052348095358,
  "temp_deviation_delta1": -0.017849663966664764,
  "steps_lag1": 7908.0,
  "steps_lag3": 8001.0,
  "steps_lag7": 8111.0,
  "steps_roll3": 7788.333333333333,
  "steps_roll7": 7923.5,
  "steps_delta1": 18.5,
  "active_minutes_lag1": 22.0,
  "active_minutes_lag3": 24.0,
  "active_minutes_lag7": 26.0,
  "active_minutes_roll3": 30.0,
  "active_minutes_roll7": 33.785714285714285,
  "active_minutes_delta1": 0.0,
  "sedentary_fraction_lag1": 0.5357638888888889,
  "sedentary_fraction_lag3": 0.5326388888888889,
  "sedentary_fraction_lag7": 0.5322916666666666,
  "sedentary_fraction_roll3": 0.544328703703703,
  "sedentary_fraction_roll7": 0.544593253968254,
  "sedentary_fraction_delta1": 0.0,
  "spo2_lag1": 96.1,
  "spo2_lag3": 96.1,
  "spo2_lag7": 96.0,
  "spo2_roll3": 96.1,
  "spo2_roll7": 96.1,
  "spo2_delta1": 0.0,
  "scl_avg_lag1": 5.9343198367714285,
  "scl_avg_lag3": 6.50560617448,
  "scl_avg_lag7": 7.1326628072,
  "scl_avg_roll3": 7.779656707301587,
  "scl_avg_roll7": 12.338304996489999,
  "scl_avg_delta1": 0.0653328895499996,
  "hr_above_baseline": -0.060830524989533785
}